3.857266,-1.019998,0.061614,-0.397472,0.573562,-0.399651,-0.594409,-0.010038,0.411250,0.785889,0.180959,0.013761,-0.240041,-0.105803,-0.445001,-0.441204,0.220830,-0.202470,0.162470,-0.022252,-0.009941,-0.008706,0.364355,0.890306,0.825019,0.595398,0.902463,0.397741,0.181912,0.231960,-1.011859,-1.127841,0.707274,-0.004090,0.293604,-0.450073
3.857411,-1.019703,0.061545,-0.398275,0.573478,-0.398606,-0.594654,-0.010863,0.412334,0.780996,0.185836,0.008245,-0.242543,-0.107050,-0.449031,-0.449477,0.226740,-0.203712,0.161338,-0.021188,-0.009437,-0.007757,0.361882,0.881985,0.847450,0.592265,0.893908,0.411094,0.203758,0.231271,-1.012539,-1.124022,0.705047,-0.004168,0.293528,-0.456356
3.857693,-1.019420,0.061407,-0.399024,0.573526,-0.397530,-0.594826,-0.012969,0.414744,0.774857,0.194106,0.000449,-0.244220,-0.111516,-0.449988,-0.447065,0.236985,-0.208230,0.158650,-0.020713,-0.008832,-0.006499,0.356939,0.872454,0.877259,0.596559,0.874439,0.430418,0.233775,0.230495,-1.012234,-1.121844,0.699513,-0.005472,0.294776,-0.463639
3.858050,-1.019149,0.061195,-0.399608,0.573604,-0.396333,-0.595158,-0.017387,0.418956,0.766719,0.207204,-0.011196,-0.245293,-0.118691,-0.444922,-0.430111,0.247922,-0.215387,0.156827,-0.020805,-0.008042,-0.005189,0.350792,0.865688,0.912804,0.606464,0.850930,0.459290,0.270098,0.229020,-1.011512,-1.119421,0.693529,-0.006370,0.295570,-0.471240
3.858380,-1.018871,0.060861,-0.399989,0.573882,-0.395356,-0.595283,-0.024257,0.422444,0.753590,0.223085,-0.026341,-0.247351,-0.127014,-0.433534,-0.397880,0.257635,-0.224534,0.158286,-0.021339,-0.007052,-0.003866,0.340133,0.861290,0.956477,0.620566,0.821983,0.483140,0.307604,0.228023,-1.010926,-1.117706,0.688391,-0.006492,0.294802,-0.479327
3.858583,-1.018574,0.060330,-0.400143,0.574636,-0.394702,-0.594886,-0.033900,0.423396,0.733493,0.241421,-0.044191,-0.247288,-0.135313,-0.414942,-0.348993,0.265937,-0.234193,0.159025,-0.022456,-0.006170,-0.002357,0.323750,0.856658,0.998620,0.627398,0.774505,0.483299,0.336497,0.227549,-1.010710,-1.116289,0.684441,-0.006918,0.292898,-0.488770
3.858662,-1.018245,0.059705,-0.400087,0.575566,-0.394239,-0.594331,-0.046094,0.422866,0.707254,0.262216,-0.063869,-0.247499,-0.143527,-0.391133,-0.289240,0.273484,-0.242413,0.162038,-0.023833,-0.005485,-0.000761,0.321705,0.857637,1.002979,0.621622,0.742638,0.479818,0.355346,0.227169,-1.010743,-1.114723,0.681661,-0.006907,0.290646,-0.498388
3.858537,-1.017891,0.059006,-0.399922,0.576405,-0.394149,-0.593689,-0.059708,0.419328,0.679086,0.282197,-0.083771,-0.247691,-0.150809,-0.366024,-0.228029,0.280820,-0.251998,0.160529,-0.025465,-0.004795,0.000506,0.329854,0.861504,0.988276,0.616360,0.730980,0.479117,0.359375,0.227593,-1.010890,-1.112954,0.679955,-0.005956,0.287792,-0.506129
3.858272,-1.017544,0.058426,-0.399161,0.577478,-0.394920,-0.592644,-0.072836,0.414160,0.653017,0.299372,-0.101344,-0.247754,-0.156014,-0.341699,-0.170212,0.288092,-0.260488,0.154872,-0.027331,-0.004351,0.001251,0.334875,0.864819,0.975103,0.609251,0.722120,0.477507,0.360418,0.229660,-1.011654,-1.111995,0.679769,-0.004263,0.285249,-0.512346
3.858001,-1.017255,0.058095,-0.398011,0.578988,-0.396458,-0.590915,-0.082779,0.410279,0.634105,0.313164,-0.114285,-0.247765,-0.157641,-0.319861,-0.118926,0.294459,-0.268689,0.150528,-0.030051,-0.004189,0.001731,0.335213,0.865784,0.969352,0.607285,0.714643,0.479538,0.369411,0.234719,-1.013088,-1.112104,0.680792,-0.002651,0.283775,-0.515995
3.857711,-1.017035,0.057936,-0.396643,0.580192,-0.398378,-0.589360,-0.089758,0.408165,0.624376,0.322364,-0.123085,-0.247767,-0.159152,-0.301075,-0.075264,0.301015,-0.276461,0.142774,-0.033698,-0.003876,0.001911,0.333752,0.864578,0.965197,0.610301,0.707396,0.481019,0.376264,0.240468,-1.015132,-1.112350,0.682403,-0.001555,0.283836,-0.517428
3.857333,-1.016869,0.057830,-0.395415,0.581062,-0.400415,-0.587947,-0.093404,0.406463,0.623413,0.326573,-0.128713,-0.247775,-0.161401,-0.287135,-0.041924,0.308942,-0.284542,0.130747,-0.037903,-0.003382,0.001819,0.334475,0.864246,0.957419,0.618127,0.707654,0.482593,0.374122,0.245582,-1.017831,-1.112945,0.683955,-0.000484,0.284215,-0.517732
3.856985,-1.016782,0.057831,-0.394382,0.581718,-0.402310,-0.586698,-0.095018,0.406108,0.627537,0.328951,-0.132276,-0.247779,-0.164767,-0.275990,-0.016039,0.319398,-0.295465,0.112288,-0.042464,-0.003140,0.001493,0.336155,0.865211,0.946745,0.623083,0.713129,0.482803,0.366224,0.248552,-1.020767,-1.113997,0.685024,0.001746,0.283891,-0.518006
3.856678,-1.016751,0.057997,-0.393675,0.582084,-0.403886,-0.585726,-0.094349,0.407165,0.636088,0.330171,-0.135226,-0.247781,-0.171409,-0.265012,0.008809,0.335952,-0.311040,0.088794,-0.046910,-0.003418,0.000911,0.336155,0.865728,0.944068,0.625011,0.717540,0.483290,0.363225,0.248937,-1.023031,-1.114943,0.685515,0.005494,0.283154,-0.518184
3.856539,-1.016808,0.058202,-0.393626,0.582418,-0.405033,-0.584634,-0.090944,0.410290,0.651777,0.332403,-0.141196,-0.247789,-0.182573,-0.247482,0.045573,0.363754,-0.330157,0.055643,-0.051601,-0.004713,0.000437,0.335427,0.865128,0.950626,0.623679,0.715295,0.483534,0.366482,0.247289,-1.024786,-1.113678,0.685201,0.009333,0.282207,-0.516737
3.856714,-1.016924,0.058618,-0.394149,0.582556,-0.405254,-0.583989,-0.085158,0.419626,0.675179,0.338786,-0.147212,-0.247792,-0.200459,-0.221168,0.093330,0.406438,-0.340978,0.037862,-0.055196,-0.006629,0.000124,0.338187,0.865280,0.958192,0.619490,0.708595,0.482969,0.375677,0.243909,-1.025957,-1.110950,0.683929,0.012541,0.281586,-0.514387
3.857195,-1.017029,0.059398,-0.395160,0.582616,-0.403905,-0.584181,-0.075189,0.431173,0.700175,0.341738,-0.147692,-0.247791,-0.229020,-0.185292,0.145935,0.473059,-0.335513,0.029702,-0.056615,-0.008194,0.000114,0.346897,0.867380,0.962286,0.617908,0.701687,0.482460,0.379985,0.239118,-1.025037,-1.106629,0.682292,0.014312,0.280402,-0.512957
3.856855,-1.017455,0.061601,-0.397663,0.582131,-0.399855,-0.585750,-0.061711,0.439344,0.714320,0.340559,-0.144306,-0.247782,-0.279971,-0.149776,0.167177,0.569443,-0.309607,0.038452,-0.053102,-0.008925,0.000834,0.359860,0.871618,0.967092,0.621905,0.701093,0.482912,0.379336,0.233463,-1.022424,-1.099949,0.681413,0.014175,0.280527,-0.510957
3.856478,-1.017984,0.062912,-0.401428,0.581349,-0.394569,-0.587541,-0.055066,0.436314,0.697211,0.340127,-0.142420,-0.247777,-0.342381,-0.127797,0.148086,0.691822,-0.277580,0.043213,-0.044020,-0.010169,0.002686,0.367138,0.876253,0.974512,0.630427,0.713577,0.483345,0.382908,0.230076,-1.020941,-1.094054,0.683070,0.011079,0.281754,-0.518673
3.855765,-1.018569,0.063617,-0.404216,0.581300,-0.389231,-0.589235,-0.056663,0.424526,0.654615,0.341415,-0.146649,-0.247779,-0.414990,-0.118677,0.107256,0.834133,-0.237048,0.031039,-0.034632,-0.011492,0.005651,0.374581,0.873396,0.983378,0.632830,0.748147,0.484754,0.398035,0.237485,-1.020464,-1.070528,0.680546,-0.011285,0.285066,-0.536934
3.854954,-1.019222,0.064130,-0.406153,0.581995,-0.384985,-0.590006,-0.061934,0.411931,0.607758,0.348708,-0.156760,-0.247779,-0.488857,-0.109702,0.073391,0.984001,-0.202889,0.012995,-0.031659,-0.011756,0.008911,0.378641,0.852307,0.985123,0.624157,0.804694,0.485131,0.426535,0.246174,-1.028453,-1.014710,0.665667,-0.052790,0.309524,-0.563905
3.853816,-1.019895,0.064545,-0.406690,0.583871,-0.382191,-0.589600,-0.069856,0.400084,0.565031,0.362033,-0.170543,-0.247788,-0.558104,-0.084000,0.067222,1.134243,-0.179046,0.009754,-0.037592,-0.010124,0.012610,0.377057,0.823443,0.969633,0.611720,0.882016,0.485498,0.418832,0.249015,-1.025538,-0.911715,0.603181,-0.095770,0.324974,-0.562903
3.852288,-1.020546,0.065042,-0.404902,0.587436,-0.381390,-0.587805,-0.081273,0.392411,0.529802,0.383603,-0.185116,-0.247795,-0.616610,-0.022996,0.098161,1.284296,-0.138910,0.021894,-0.049328,-0.007332,0.016879,0.357754,0.778668,0.925010,0.578340,0.944997,0.485105,0.401817,0.246708,-1.024120,-0.761838,0.495605,-0.143881,0.326917,-0.533455
3.850423,-1.021086,0.065410,-0.401987,0.591597,-0.383003,-0.584575,-0.098134,0.390854,0.510096,0.418932,-0.195463,-0.247804,-0.655655,0.049584,0.135219,1.417235,-0.102870,0.055037,-0.061573,-0.005411,0.021932,0.322926,0.722335,0.858798,0.531280,0.975250,0.481698,0.380241,0.228022,-1.026402,-0.597164,0.355708,-0.196607,0.305222,-0.485055
3.848701,-1.021552,0.065852,-0.400657,0.595374,-0.386784,-0.579139,-0.112840,0.399114,0.513410,0.464984,-0.201723,-0.247806,-0.671582,0.107535,0.163914,1.508083,-0.114718,0.090739,-0.071086,-0.005379,0.026751,0.288712,0.660613,0.779894,0.481817,0.999682,0.466298,0.348007,0.163386,-1.026550,-0.428663,0.224496,-0.256004,0.283011,-0.435550
3.846876,-1.022080,0.066697,-0.397078,0.601345,-0.391562,-0.572183,-0.123487,0.422546,0.534214,0.512508,-0.205980,-0.247795,-0.661243,0.121160,0.176581,1.522630,-0.165112,0.144905,-0.078709,-0.005403,0.032105,0.256530,0.597879,0.703376,0.432698,1.036359,0.438598,0.309343,0.052071,-1.008167,-0.244495,0.125039,-0.308327,0.260980,-0.383959
3.844070,-1.023322,0.068923,-0.392409,0.608199,-0.397422,-0.564062,-0.127753,0.458501,0.567190,0.553190,-0.203394,-0.247737,-0.628367,0.118090,0.185028,1.499710,-0.115153,0.164523,-0.084664,-0.005456,0.037707,0.236075,0.528087,0.640251,0.376654,1.081691,0.385224,0.251565,-0.100437,-0.963472,-0.037710,0.071401,-0.361870,0.251377,-0.349016
3.841160,-1.024830,0.070372,-0.385968,0.616712,-0.404347,-0.554255,-0.129046,0.495909,0.594471,0.595997,-0.200019,-0.247731,-0.587103,0.110574,0.190086,1.458951,-0.040433,0.219552,-0.086682,-0.006300,0.045687,0.221473,0.460885,0.595845,0.308922,1.144599,0.313246,0.187829,-0.286368,-0.885479,0.182187,0.068961,-0.411655,0.258522,-0.328353
3.838216,-1.026710,0.071493,-0.379296,0.625801,-0.412050,-0.542884,-0.134335,0.530812,0.610945,0.645958,-0.200473,-0.246442,-0.551418,0.098333,0.188121,1.433386,-0.019087,0.244207,-0.085184,-0.007373,0.055941,0.214299,0.395760,0.574038,0.222541,1.228397,0.232370,0.108712,-0.466663,-0.776985,0.397727,0.102296,-0.476882,0.263360,-0.315793
3.835096,-1.028981,0.072451,-0.372008,0.635514,-0.420875,-0.529714,-0.146196,0.562097,0.617872,0.702825,-0.202761,-0.236629,-0.522882,0.071265,0.174464,1.425726,-0.041795,0.246549,-0.081654,-0.009358,0.068055,0.226930,0.308350,0.586030,0.122466,1.291594,0.149626,0.044978,-0.636854,-0.630664,0.583990,0.171133,-0.540002,0.265032,-0.289388
3.831410,-1.031544,0.072955,-0.362461,0.646421,-0.431966,-0.513972,-0.163453,0.587058,0.614877,0.759543,-0.205154,-0.210336,-0.487282,0.038017,0.155533,1.415235,-0.061010,0.246503,-0.076691,-0.011523,0.081179,0.256092,0.196830,0.615420,0.004239,1.325421,0.079401,0.006373,-0.782690,-0.456162,0.730352,0.253790,-0.576903,0.253313,-0.265005
3.826890,-1.034262,0.071885,-0.351233,0.657272,-0.445828,-0.495849,-0.186949,0.609879,0.607465,0.820501,-0.212074,-0.166233,-0.442866,0.005917,0.128971,1.393874,-0.057981,0.247579,-0.068700,-0.011930,0.094383,0.304833,0.068968,0.638210,-0.106822,1.343101,0.031926,-0.001049,-0.907875,-0.271891,0.847515,0.335813,-0.582740,0.228808,-0.239360
3.821117,-1.036810,0.066899,-0.333813,0.669160,-0.461935,-0.476876,-0.225254,0.634868,0.591797,0.887109,-0.225060,-0.108455,-0.388965,-0.020608,0.087401,1.373287,-0.057681,0.247760,-0.053136,-0.011751,0.108740,0.333081,-0.031847,0.641993,-0.205615,1.392011,0.020583,-0.006508,-1.014340,-0.116169,0.936751,0.389202,-0.604117,0.195961,-0.221958
3.814574,-1.038679,0.067530,-0.312118,0.680423,-0.480197,-0.457185,-0.272583,0.655918,0.573207,0.952156,-0.238781,-0.043804,-0.348517,-0.051740,0.046371,1.349528,-0.072942,0.247784,-0.030452,-0.009898,0.124402,0.328793,-0.105220,0.622772,-0.274348,1.496097,0.020679,-0.019027,-1.111562,0.009129,0.993513,0.407794,-0.645000,0.147092,-0.218450
3.806383,-1.039515,0.069884,-0.286488,0.691507,-0.500332,-0.435212,-0.324682,0.666925,0.552137,1.013392,-0.258262,0.021696,-0.305459,-0.086286,0.000935,1.327155,-0.096058,0.247809,-0.000891,-0.006744,0.138099,0.304358,-0.145823,0.568487,-0.306407,1.602003,-0.002082,-0.036860,-1.187920,0.102902,1.004495,0.396958,-0.689091,0.102279,-0.277924
3.796586,-1.039412,0.073458,-0.255502,0.702255,-0.523519,-0.409248,-0.383404,0.656509,0.521907,1.070254,-0.283119,0.062813,-0.255904,-0.120170,-0.048190,1.303290,-0.118592,0.247811,0.034850,-0.003731,0.147217,0.267176,-0.167442,0.496983,-0.305639,1.669568,-0.053907,-0.070635,-1.250736,0.157829,0.988779,0.372216,-0.745055,0.053116,-0.358458
3.785149,-1.038638,0.079442,-0.221474,0.710099,-0.549013,-0.381173,-0.434154,0.624430,0.501393,1.115873,-0.307359,0.069829,-0.199912,-0.148708,-0.097776,1.272399,-0.141376,0.247804,0.069903,0.000004,0.150701,0.228043,-0.190006,0.424777,-0.293894,1.706086,-0.094050,-0.102418,-1.291407,0.190366,0.954089,0.342585,-0.818544,0.010657,-0.464677
3.771896,-1.037003,0.090154,-0.180878,0.715163,-0.578674,-0.347794,-0.461245,0.583320,0.526257,1.140435,-0.326906,0.105824,-0.136558,-0.171515,-0.148800,1.239305,-0.177271,0.247627,0.101612,0.003880,0.147334,0.199341,-0.221611,0.343093,-0.290100,1.757355,-0.125692,-0.098115,-1.297661,0.210042,0.914898,0.332998,-0.864112,-0.036195,-0.587621
3.755946,-1.034771,0.106398,-0.138588,0.716176,-0.608357,-0.312709,-0.449089,0.551225,0.568066,1.141280,-0.338772,0.119895,-0.081532,-0.203522,-0.185585,1.200793,-0.236836,0.243376,0.124601,0.001748,0.137215,0.181238,-0.239551,0.247153,-0.281199,1.824592,-0.155441,-0.080064,-1.278716,0.217657,0.881428,0.324154,-0.891809,-0.073447,-0.670901
3.738437,-1.032669,0.119660,-0.099741,0.710864,-0.637799,-0.279169,-0.433382,0.492111,0.586340,1.123521,-0.335939,0.137572,-0.020501,-0.230105,-0.240730,1.178750,-0.316688,0.149531,0.145259,-0.013636,0.124195,0.157238,-0.252452,0.147691,-0.255751,1.867304,-0.176399,-0.069931,-1.233131,0.209635,0.859554,0.302677,-0.917315,-0.103481,-0.727376
3.719789,-1.030013,0.131547,-0.065401,0.701536,-0.665533,-0.246242,-0.431871,0.402976,0.551573,1.117138,-0.337602,0.128591,0.034774,-0.252085,-0.311501,1.173081,-0.392314,-0.054937,0.160776,-0.039617,0.112789,0.137908,-0.257083,0.048525,-0.229272,1.885679,-0.200880,-0.066858,-1.166884,0.191159,0.847834,0.271675,-0.913931,-0.136411,-0.763567
3.700713,-1.028445,0.141026,-0.034084,0.691204,-0.689365,-0.214129,-0.442358,0.275396,0.449197,1.119341,-0.340699,0.093546,0.069923,-0.272853,-0.375761,1.193589,-0.397642,-0.179291,0.169466,-0.067487,0.107469,0.128387,-0.263316,-0.044070,-0.223822,1.879501,-0.214575,-0.044269,-1.119115,0.154164,0.843328,0.240645,-0.939210,-0.159069,-0.785901
3.681822,-1.027004,0.148028,-0.011185,0.678766,-0.709491,-0.189141,-0.431274,0.116012,0.320017,1.094980,-0.340130,0.044360,0.063912,-0.313356,-0.411531,1.251736,-0.401928,-0.237694,0.168409,-0.091163,0.108379,0.126375,-0.277673,-0.118477,-0.232840,1.855057,-0.196914,-0.015474,-1.087723,0.124359,0.835721,0.218932,-0.990296,-0.167867,-0.827305
3.663880,-1.025586,0.155076,0.000520,0.666585,-0.725284,-0.172125,-0.389874,-0.035925,0.205724,1.055505,-0.348630,-0.063749,-0.006908,-0.351106,-0.358624,1.358851,-0.421584,-0.247394,0.153088,-0.111330,0.113978,0.131808,-0.281587,-0.174287,-0.248347,1.827570,-0.157379,0.007216,-1.081232,0.119828,0.825560,0.204755,-1.049650,-0.165840,-0.864968
3.646714,-1.023121,0.158176,0.005254,0.658855,-0.735121,-0.159623,-0.330030,-0.103217,0.169687,1.016763,-0.319185,-0.150023,-0.134245,-0.349277,-0.267712,1.481547,-0.422599,-0.247793,0.130879,-0.122113,0.120952,0.139032,-0.282325,-0.199320,-0.277367,1.790248,-0.125235,0.019489,-1.096321,0.130075,0.823130,0.219046,-1.094331,-0.180742,-0.898611
3.631853,-1.020048,0.159629,0.016797,0.653393,-0.743902,-0.139300,-0.278371,-0.146900,0.140927,0.982743,-0.323416,-0.148845,-0.275446,-0.339780,-0.204298,1.570933,-0.406887,-0.247770,0.116106,-0.122554,0.127208,0.152429,-0.271773,-0.204031,-0.306184,1.744488,-0.119478,0.025222,-1.109624,0.134739,0.820490,0.238628,-1.101205,-0.212322,-0.938133
3.618365,-1.015697,0.161675,0.039750,0.652393,-0.749686,-0.103798,-0.233793,-0.183010,0.075371,0.968703,-0.323423,-0.137861,-0.403963,-0.340458,-0.182217,1.610286,-0.400501,-0.247796,0.108865,-0.117654,0.133856,0.191174,-0.252309,-0.192608,-0.326861,1.740309,-0.115125,0.050521,-1.094065,0.108671,0.813828,0.251239,-1.084790,-0.239952,-0.978067
3.605632,-1.009940,0.166083,0.071311,0.654020,-0.750962,-0.056825,-0.197647,-0.182183,0.007300,0.976347,-0.321509,-0.140163,-0.509169,-0.350529,-0.195106,1.588565,-0.391059,-0.247757,0.100837,-0.110150,0.142331,0.201167,-0.217574,-0.210373,-0.340258,1.799311,-0.101300,0.068261,-1.060843,0.054327,0.797134,0.216812,-1.099215,-0.234142,-0.984918
3.592984,-1.002243,0.173696,0.106671,0.656439,-0.746797,-0.001750,-0.175536,-0.115068,-0.011973,0.997297,-0.325094,-0.138926,-0.586348,-0.367490,-0.221682,1.516152,-0.369687,-0.247252,0.082152,-0.100454,0.152622,0.197581,-0.189084,-0.277308,-0.326610,1.777335,-0.118415,0.095125,-1.011585,-0.006429,0.767017,0.142713,-1.106356,-0.222911,-0.985544
3.579958,-0.993617,0.186728,0.143383,0.658286,-0.736914,0.055302,-0.174505,-0.008072,0.006447,1.024725,-0.309350,-0.096606,-0.647509,-0.375683,-0.240447,1.415344,-0.349025,-0.236585,0.055216,-0.088954,0.165356,0.184223,-0.146904,-0.350378,-0.305062,1.716332,-0.133644,0.109994,-0.960458,-0.076553,0.746596,0.063487,-1.120684,-0.191019,-0.985517
3.566536,-0.984503,0.202894,0.176108,0.660419,-0.721905,0.108103,-0.190025,0.105114,0.023648,1.056401,-0.300016,-0.064303,-0.698666,-0.392756,-0.249032,1.314727,-0.312010,-0.216083,0.025556,-0.076698,0.180802,0.167644,-0.091237,-0.418639,-0.298714,1.653895,-0.128363,0.113704,-0.914882,-0.138350,0.736201,-0.015265,-1.139363,-0.145667,-0.984636
3.552911,-0.975257,0.220512,0.203453,0.663029,-0.703439,0.155479,-0.218961,0.228101,0.042500,1.088010,-0.295872,-0.035579,-0.743869,-0.413081,-0.245203,1.236335,-0.280656,-0.184774,-0.004215,-0.063330,0.199015,0.156139,-0.031310,-0.486037,-0.305797,1.562159,-0.111630,0.114081,-0.881693,-0.188601,0.735863,-0.089792,-1.158440,-0.094321,-0.982451
3.539668,-0.966138,0.238042,0.224373,0.667968,-0.681476,0.197651,-0.258352,0.362200,0.072334,1.114609,-0.307442,0.000031,-0.795416,-0.421069,-0.212861,1.206781,-0.238314,-0.156770,-0.034554,-0.045265,0.219154,0.135954,0.048496,-0.552075,-0.314067,1.448481,-0.079242,0.107224,-0.857605,-0.225635,0.738911,-0.173893,-1.175375,-0.038768,-0.968834
3.527224,-0.957241,0.254857,0.242342,0.673391,-0.657557,0.235442,-0.303927,0.507383,0.135947,1.127212,-0.350073,0.047410,-0.852499,-0.430241,-0.163657,1.216899,-0.219809,-0.106631,-0.061776,-0.019963,0.238941,0.105966,0.139918,-0.609826,-0.339854,1.382084,-0.056488,0.083337,-0.841552,-0.243574,0.736636,-0.241006,-1.193306,0.017273,-0.957877
3.515761,-0.948571,0.270731,0.261179,0.676819,-0.632567,0.271221,-0.355570,0.627664,0.211178,1.128375,-0.384241,0.098862,-0.908838,-0.460311,-0.106788,1.258158,-0.207134,-0.063656,-0.084218,0.013052,0.258033,0.064509,0.231123,-0.655752,-0.375482,1.340145,-0.032077,0.055668,-0.833809,-0.256019,0.731900,-0.294615,-1.221391,0.069275,-0.944633
3.505268,-0.940089,0.285606,0.274375,0.679728,-0.609038,0.302921,-0.413211,0.684097,0.247722,1.144565,-0.391066,0.080336,-0.967663,-0.474849,-0.018574,1.332670,-0.203315,-0.036994,-0.100882,0.049061,0.276307,0.015629,0.316138,-0.690453,-0.416051,1.299767,-0.006627,0.046620,-0.830510,-0.255155,0.727565,-0.333707,-1.246723,0.116952,-0.933979
3.495803,-0.931735,0.299622,0.285545,0.677304,-0.590188,0.333769,-0.480534,0.668543,0.232958,1.192158,-0.380256,0.001666,-1.035562,-0.473906,0.100747,1.440226,-0.210194,-0.022206,-0.109457,0.085219,0.292171,-0.048017,0.402330,-0.722211,-0.444389,1.263111,0.013961,0.049040,-0.830631,-0.249138,0.721545,-0.357687,-1.272818,0.159777,-0.923892
3.486938,-0.923496,0.312808,0.292038,0.675696,-0.575561,0.356200,-0.539377,0.656570,0.238487,1.265521,-0.377941,-0.062332,-1.119676,-0.446707,0.222739,1.564611,-0.219799,0.012859,-0.115675,0.117783,0.304562,-0.111115,0.495373,-0.745684,-0.465810,1.263519,0.035183,0.049866,-0.852358,-0.240197,0.725028,-0.362154,-1.291488,0.191651,-0.914225
3.478037,-0.915414,0.324920,0.291244,0.676926,-0.564939,0.371204,-0.582150,0.669490,0.270311,1.352965,-0.388902,-0.084395,-1.217493,-0.399439,0.321607,1.695327,-0.233573,0.033173,-0.119672,0.144978,0.315469,-0.161103,0.588226,-0.763699,-0.489332,1.303252,0.055930,0.069913,-0.892180,-0.225603,0.737682,-0.348037,-1.287258,0.215725,-0.906106
3.468896,-0.907495,0.335666,0.283449,0.680882,-0.556527,0.382537,-0.616337,0.694803,0.307802,1.443020,-0.402055,-0.105412,-1.320386,-0.338178,0.384004,1.819365,-0.255266,0.041655,-0.121080,0.168033,0.326767,-0.194784,0.683982,-0.779834,-0.512867,1.369406,0.079208,0.085554,-0.934190,-0.198895,0.747225,-0.320986,-1.268985,0.234893,-0.905209
3.459141,-0.899798,0.344814,0.273288,0.685483,-0.548856,0.392662,-0.653501,0.723796,0.341809,1.525463,-0.424207,-0.147964,-1.428982,-0.267759,0.406535,1.934476,-0.277741,0.028172,-0.122363,0.186315,0.338910,-0.219167,0.775457,-0.794180,-0.537932,1.442482,0.099613,0.094335,-0.974560,-0.168462,0.749571,-0.289210,-1.251062,0.249023,-0.906673
3.448452,-0.892406,0.352152,0.264152,0.687196,-0.540790,0.406857,-0.692525,0.755420,0.372230,1.592941,-0.441121,-0.182043,-1.525956,-0.188530,0.384287,2.032203,-0.302427,0.041634,-0.123371,0.199787,0.352786,-0.245050,0.860135,-0.811425,-0.562728,1.510849,0.118913,0.103378,-1.005207,-0.142582,0.742541,-0.260253,-1.244749,0.265324,-0.900013
3.436788,-0.885371,0.357629,0.256997,0.683349,-0.532980,0.427690,-0.724238,0.787532,0.403430,1.640387,-0.461217,-0.209340,-1.607758,-0.097563,0.323530,2.108572,-0.314437,0.069003,-0.121698,0.209902,0.369595,-0.292211,0.939144,-0.842354,-0.582471,1.548249,0.130778,0.111678,-1.011408,-0.121140,0.723006,-0.241954,-1.260484,0.277922,-0.884588
3.423974,-0.878833,0.361394,0.250812,0.672935,-0.525932,0.455683,-0.742541,0.819740,0.435725,1.666215,-0.482013,-0.226784,-1.673744,-0.005760,0.225821,2.164698,-0.334181,0.107862,-0.116482,0.216249,0.388599,-0.362788,0.995561,-0.899935,-0.600233,1.548165,0.136287,0.127441,-1.011273,-0.118568,0.704077,-0.242151,-1.278618,0.308255,-0.857629
3.410092,-0.872859,0.363443,0.245658,0.655044,-0.520806,0.489214,-0.744162,0.842531,0.468274,1.668305,-0.501819,-0.236224,-1.729458,0.064777,0.117552,2.201121,-0.343810,0.166923,-0.109146,0.218529,0.408259,-0.455594,1.024910,-0.974683,-0.605788,1.513115,0.137917,0.168683,-0.993582,-0.126612,0.684476,-0.249950,-1.303049,0.341672,-0.825828
3.395419,-0.867422,0.363848,0.240089,0.631757,-0.514598,0.527665,-0.746241,0.851775,0.482395,1.649967,-0.512808,-0.243605,-1.766741,0.085385,0.035126,2.227865,-0.304381,0.201222,-0.102946,0.219337,0.427483,-0.570798,1.038551,-1.068772,-0.595549,1.459967,0.128499,0.222502,-0.961014,-0.140669,0.663351,-0.261589,-1.331081,0.374109,-0.791998
3.380115,-0.862497,0.362107,0.233176,0.608908,-0.499517,0.570388,-0.741368,0.886475,0.496288,1.633456,-0.484595,-0.246328,-1.761475,0.024861,0.037657,2.329313,-0.280525,0.176392,-0.106781,0.232572,0.441794,-0.700943,1.039425,-1.175732,-0.565662,1.432181,0.108634,0.267914,-0.917595,-0.157543,0.642886,-0.274065,-1.356274,0.401690,-0.758461
3.364311,-0.857959,0.358084,0.229067,0.585047,-0.480860,0.611573,-0.716424,0.954838,0.502918,1.675753,-0.487607,-0.223598,-1.739385,-0.003617,0.035844,2.423447,-0.311758,0.106573,-0.120095,0.246096,0.449626,-0.824943,1.020200,-1.288639,-0.527168,1.411050,0.093483,0.319932,-0.873351,-0.179842,0.628138,-0.286817,-1.373717,0.425320,-0.729195
3.348582,-0.853428,0.351689,0.219082,0.565114,-0.468616,0.642688,-0.727219,1.017185,0.462962,1.730326,-0.487114,-0.210059,-1.737896,-0.033724,0.039638,2.497346,-0.290113,0.115833,-0.129699,0.250552,0.457491,-0.922808,1.003698,-1.391592,-0.494142,1.384520,0.097629,0.374299,-0.845197,-0.201329,0.629270,-0.292046,-1.371517,0.439570,-0.710241
3.333431,-0.849311,0.340266,0.207692,0.549672,-0.463108,0.663517,-0.775561,1.049549,0.392088,1.759133,-0.483466,-0.214133,-1.735370,-0.046758,0.028913,2.555885,-0.289089,0.118123,-0.134158,0.242777,0.464265,-0.984476,1.014148,-1.461018,-0.473432,1.384287,0.101386,0.428602,-0.835977,-0.206920,0.635716,-0.282487,-1.352711,0.454105,-0.704939
3.319935,-0.846778,0.342652,0.202362,0.532593,-0.458790,0.681840,-0.807131,1.033913,0.299773,1.763538,-0.481337,-0.245508,-1.723580,-0.038035,0.006175,2.592477,-0.283135,0.122196,-0.138052,0.228042,0.470555,-1.036169,1.018761,-1.483850,-0.449845,1.427170,0.086170,0.472962,-0.832783,-0.203609,0.631451,-0.266650,-1.331329,0.469102,-0.704605
3.308246,-0.845717,0.357545,0.204666,0.511268,-0.452044,0.701693,-0.807324,0.963286,0.225508,1.745737,-0.497797,-0.247658,-1.704338,-0.026991,-0.013045,2.613258,-0.281827,0.115480,-0.145008,0.217798,0.475767,-1.067477,1.004274,-1.485343,-0.408928,1.495224,0.074146,0.496645,-0.830107,-0.195945,0.611682,-0.245027,-1.319021,0.479267,-0.705262
3.297633,-0.844699,0.367112,0.209007,0.489743,-0.441937,0.721914,-0.799854,0.851686,0.161699,1.700685,-0.538608,-0.247759,-1.680742,-0.028390,-0.018491,2.620353,-0.275911,0.109012,-0.154179,0.215865,0.480156,-1.084369,0.975275,-1.485379,-0.353736,1.556389,0.067934,0.520883,-0.823997,-0.178984,0.575653,-0.216489,-1.319787,0.482538,-0.711120
3.287553,-0.843696,0.371539,0.216187,0.466743,-0.430686,0.741569,-0.771457,0.724711,0.100194,1.629990,-0.580707,-0.247894,-1.646501,-0.056636,-0.006058,2.619767,-0.275727,0.118747,-0.166303,0.220200,0.482067,-1.084447,0.927573,-1.485041,-0.280079,1.586654,0.077268,0.547465,-0.813440,-0.156795,0.531197,-0.176524,-1.330961,0.481946,-0.720513
3.278054,-0.844784,0.379388,0.226990,0.437675,-0.417440,0.763322,-0.714267,0.603884,0.028398,1.550413,-0.613851,-0.247889,-1.592851,-0.101135,0.016664,2.614228,-0.277644,0.135345,-0.180006,0.225809,0.481955,-1.068398,0.843240,-1.484323,-0.197031,1.613596,0.101940,0.549422,-0.797756,-0.140097,0.472719,-0.122638,-1.341363,0.480536,-0.732288
3.268997,-0.847469,0.388563,0.239025,0.401200,-0.402953,0.787105,-0.651663,0.500463,-0.034203,1.479762,-0.617264,-0.247922,-1.518992,-0.140994,0.033674,2.600009,-0.278912,0.158229,-0.191779,0.228839,0.480485,-1.069409,0.696966,-1.483828,-0.052177,1.610187,0.129512,0.517545,-0.757018,-0.128136,0.401609,-0.070802,-1.362500,0.474384,-0.745830
3.260670,-0.851862,0.399982,0.250416,0.362177,-0.388964,0.809214,-0.606762,0.430616,-0.068929,1.442542,-0.584650,-0.247972,-1.425748,-0.168981,0.035738,2.576748,-0.295463,0.158949,-0.199484,0.226182,0.477831,-1.021155,0.553659,-1.462601,0.090029,1.512418,0.128388,0.426818,-0.712276,-0.124843,0.325831,-0.004275,-1.375421,0.459976,-0.766571
3.253462,-0.858823,0.419782,0.258213,0.323852,-0.377488,0.828220,-0.580374,0.415393,-0.087022,1.467012,-0.528312,-0.247799,-1.326054,-0.188615,0.026193,2.551811,-0.313862,0.166407,-0.199390,0.216172,0.474648,-0.914986,0.429782,-1.380402,0.169318,1.365702,0.162124,0.286063,-0.675859,-0.144182,0.249480,0.083340,-1.360368,0.432659,-0.790519
3.245902,-0.866749,0.434631,0.264147,0.284253,-0.367135,0.845363,-0.592086,0.427804,-0.084830,1.536558,-0.484441,-0.247788,-1.223404,-0.205765,0.014946,2.531735,-0.335616,0.177330,-0.187157,0.200443,0.471290,-0.773762,0.335290,-1.272537,0.175637,1.286899,0.223380,0.186417,-0.655663,-0.190616,0.179766,0.201039,-1.328271,0.407221,-0.798444
3.237525,-0.874761,0.446250,0.270328,0.240967,-0.354433,0.862111,-0.634378,0.433440,-0.079011,1.658322,-0.482388,-0.247757,-1.117346,-0.229864,0.003228,2.515875,-0.358024,0.180461,-0.160623,0.181818,0.469977,-0.612381,0.279643,-1.185852,0.099803,1.269526,0.250635,0.201823,-0.625129,-0.257006,0.110212,0.314960,-1.288723,0.392498,-0.796796
3.228445,-0.882360,0.455309,0.276347,0.194277,-0.339262,0.877946,-0.707715,0.427707,-0.092463,1.826167,-0.485420,-0.247157,-1.003560,-0.264893,-0.013290,2.500581,-0.381198,0.185962,-0.119630,0.162174,0.471292,-0.437541,0.275704,-1.109977,-0.009398,1.306613,0.233519,0.224768,-0.573073,-0.326142,0.029976,0.428051,-1.231284,0.375869,-0.808421
3.219314,-0.889123,0.462205,0.282150,0.149843,-0.322701,0.890956,-0.814776,0.406013,-0.104509,2.010843,-0.495235,-0.239900,-0.888341,-0.302405,-0.034744,2.477852,-0.405195,0.194861,-0.070918,0.143986,0.475412,-0.274216,0.311944,-1.039863,-0.133194,1.340585,0.219396,0.245654,-0.516630,-0.392935,-0.040399,0.533022,-1.150133,0.351102,-0.797135
3.211190,-0.894515,0.467350,0.285875,0.110650,-0.304204,0.901938,-0.954068,0.370152,-0.091320,2.179910,-0.513291,-0.216510,-0.780511,-0.332259,-0.064128,2.446733,-0.418965,0.200746,-0.020686,0.128327,0.480711,-0.116320,0.367897,-0.951411,-0.261139,1.320454,0.209640,0.259452,-0.444861,-0.462512,-0.099096,0.644356,-1.046725,0.295348,-0.759090
3.205157,-0.898154,0.471042,0.285456,0.077519,-0.286472,0.911285,-1.113092,0.322080,-0.028292,2.305532,-0.521524,-0.191881,-0.681735,-0.345355,-0.097766,2.409923,-0.430102,0.215653,0.026876,0.117202,0.485654,0.028048,0.434243,-0.831556,-0.378070,1.254696,0.207749,0.286084,-0.362221,-0.545878,-0.130378,0.758822,-0.980299,0.261159,-0.680754
3.201876,-0.899918,0.473344,0.279609,0.050269,-0.270201,0.919936,-1.276432,0.268483,0.098703,2.358779,-0.521191,-0.177134,-0.591575,-0.341329,-0.132844,2.371942,-0.440584,0.234035,0.068637,0.111913,0.489127,0.172265,0.509033,-0.672968,-0.467485,1.164104,0.222325,0.321128,-0.290940,-0.612693,-0.150827,0.846056,-0.911241,0.236411,-0.545606
3.202000,-0.900068,0.473945,0.263344,0.029618,-0.258636,0.928913,-1.417315,0.207778,0.263938,2.329391,-0.506179,-0.198470,-0.505088,-0.317493,-0.172286,2.330249,-0.444933,0.242219,0.100889,0.112682,0.488948,0.344363,0.571133,-0.477671,-0.516697,1.045495,0.255701,0.360288,-0.257871,-0.656519,-0.194273,0.899649,-0.797791,0.221376,-0.320061
3.205596,-0.899504,0.471902,0.238915,0.012837,-0.256328,0.936510,-1.500953,0.181621,0.401508,2.245696,-0.484102,-0.205188,-0.414969,-0.272701,-0.208331,2.285690,-0.450462,0.240509,0.126094,0.113966,0.483245,0.562015,0.614082,-0.263985,-0.511885,0.967285,0.295220,0.384851,-0.270446,-0.694745,-0.230722,0.952294,-0.697877,0.254013,-0.035836
3.212083,-0.898962,0.466323,0.212320,-0.002727,-0.263012,0.941136,-1.519464,0.158263,0.497157,2.138225,-0.473834,-0.175274,-0.327150,-0.224895,-0.234683,2.244653,-0.445570,0.223241,0.150143,0.115489,0.472190,0.810988,0.629982,-0.082965,-0.446240,0.995503,0.335912,0.363767,-0.283254,-0.762331,-0.081136,0.980274,-0.828927,0.269667,0.124252
3.220896,-0.898939,0.456366,0.187738,-0.017477,-0.272995,0.943357,-1.496837,0.099428,0.549783,2.025206,-0.457633,-0.131421,-0.241241,-0.195233,-0.254197,2.207728,-0.432939,0.202902,0.176611,0.115325,0.458330,1.028768,0.590703,0.015415,-0.348911,1.049199,0.345736,0.295617,-0.325994,-0.810212,0.158582,0.970622,-1.075340,0.236347,0.151376
3.230991,-0.899972,0.440450,0.171695,-0.028938,-0.283468,0.943043,-1.402822,0.080475,0.574090,1.953915,-0.466861,0.191861,-0.168391,-0.180991,-0.258985,2.164876,-0.413378,0.187225,0.204723,0.104869,0.440797,1.181469,0.488061,0.027420,-0.269212,0.988647,0.315239,0.261329,-0.391395,-0.783104,0.266218,0.959431,-1.175571,0.217691,0.125587
3.240916,-0.902294,0.443374,0.157752,-0.038770,-0.298453,0.940498,-1.341249,0.071988,0.561482,1.952899,-0.532418,0.231724,-0.091830,-0.169802,-0.249329,2.107640,-0.413848,0.176020,0.232522,0.085812,0.423458,1.276291,0.372345,-0.013308,-0.167550,0.886879,0.278646,0.271846,-0.464043,-0.690407,0.234474,0.943172,-1.099314,0.207976,0.122161
3.249266,-0.907198,0.450127,0.148251,-0.046100,-0.314578,0.936449,-1.298477,0.067187,0.530987,1.959056,-0.554523,0.215200,-0.020582,-0.158121,-0.230817,2.039885,-0.430164,0.167299,0.258025,0.060703,0.408454,1.308160,0.281707,-0.099237,-0.019223,0.840071,0.254387,0.295699,-0.534275,-0.580083,0.188246,0.915147,-0.979686,0.191869,0.131645
3.256364,-0.913066,0.459701,0.144957,-0.048811,-0.326914,0.932594,-1.251428,0.065172,0.517115,1.946010,-0.585964,0.203308,0.033401,-0.149177,-0.208754,1.967008,-0.454086,0.166255,0.280671,0.032263,0.394270,1.265900,0.205104,-0.210082,0.172234,0.833674,0.250098,0.278843,-0.605085,-0.490567,0.215677,0.875223,-0.931661,0.160937,0.118377
3.262138,-0.919361,0.471433,0.143667,-0.046840,-0.337740,0.929031,-1.211654,0.060608,0.505446,1.920798,-0.611273,0.191471,0.064529,-0.144085,-0.190476,1.893769,-0.467267,0.164117,0.300732,0.003544,0.380659,1.170547,0.140559,-0.324064,0.387809,0.885683,0.259227,0.211115,-0.666677,-0.411453,0.286415,0.820117,-0.951592,0.141420,0.080563
3.266279,-0.926602,0.485214,0.144862,-0.041726,-0.344915,0.926449,-1.175124,0.060012,0.498567,1.883261,-0.620291,0.179737,0.080498,-0.133732,-0.173471,1.816811,-0.469851,0.174810,0.316487,-0.025142,0.366826,1.048176,0.075484,-0.428802,0.571946,0.985818,0.282423,0.066063,-0.760680,-0.334077,0.372420,0.808343,-0.976860,0.121150,0.055184
3.269135,-0.935464,0.500281,0.146773,-0.034609,-0.346713,0.925770,-1.140428,0.056434,0.489333,1.836926,-0.620162,0.164841,0.088358,-0.104262,-0.149047,1.725345,-0.464836,0.186879,0.329483,-0.053522,0.351763,0.940792,0.003748,-0.474325,0.672297,1.052821,0.289569,-0.077052,-0.847006,-0.255842,0.451263,0.808081,-0.987913,0.097975,0.047314
3.271348,-0.946373,0.518449,0.147273,-0.025434,-0.341327,0.927987,-1.106400,0.044975,0.470785,1.781110,-0.614150,0.147192,0.098010,-0.043378,-0.113824,1.617628,-0.447350,0.200153,0.340340,-0.080341,0.334892,0.865436,-0.060508,-0.443124,0.687118,1.056950,0.291709,-0.120345,-0.917458,-0.189027,0.518967,0.796266,-0.981658,0.065527,0.039291
3.273144,-0.959351,0.539148,0.147007,-0.015423,-0.328625,0.932822,-1.069830,0.022557,0.442375,1.711156,-0.600449,0.126113,0.111712,0.028138,-0.077791,1.490768,-0.399873,0.205389,0.347282,-0.105648,0.316496,0.810376,-0.097873,-0.386013,0.664086,1.033226,0.276569,-0.088253,-0.966058,-0.145532,0.583725,0.761100,-0.970170,0.023664,0.024065
3.274690,-0.973797,0.562071,0.145431,-0.005257,-0.308584,0.939999,-1.027768,-0.009596,0.404304,1.625572,-0.578637,0.103195,0.115551,0.093516,-0.055773,1.365518,-0.302380,0.216805,0.352200,-0.127249,0.297390,0.757238,-0.105111,-0.330232,0.630132,1.011035,0.257975,-0.042674,-0.984145,-0.130345,0.640544,0.692061,-0.965788,-0.009996,-0.007244
3.275832,-0.988939,0.587584,0.140001,0.004997,-0.289063,0.947005,-0.979242,-0.038002,0.355387,1.528581,-0.550043,0.078815,0.094267,0.133174,-0.070413,1.284171,-0.184070,0.246535,0.357596,-0.141690,0.277543,0.701351,-0.091476,-0.273931,0.595880,0.997972,0.248687,-0.029283,-0.965910,-0.126925,0.678265,0.595690,-0.947417,-0.036277,-0.051306
3.276326,-1.003729,0.613563,0.132507,0.013365,-0.275422,0.952054,-0.923866,-0.057294,0.302936,1.422538,-0.514051,0.053891,0.044311,0.097506,-0.138263,1.261964,-0.183969,0.247785,0.361565,-0.149096,0.258082,0.652343,-0.076711,-0.213652,0.555979,0.991690,0.257297,-0.035236,-0.921843,-0.128614,0.713667,0.488070,-0.920520,-0.057807,-0.081733
3.276348,-1.018300,0.639989,0.123026,0.017862,-0.263953,0.956491,-0.856043,-0.073438,0.245834,1.305931,-0.472779,0.028472,-0.015861,-0.017299,-0.230884,1.301434,-0.232981,0.247447,0.357651,-0.153195,0.241339,0.608186,-0.061569,-0.154422,0.507597,0.977450,0.267134,-0.029671,-0.865144,-0.131835,0.738756,0.377224,-0.878125,-0.082149,-0.076515
3.275446,-1.032475,0.666245,0.116574,0.019376,-0.255608,0.959531,-0.778886,-0.088499,0.193180,1.174304,-0.421905,0.004426,-0.095810,-0.112377,-0.266757,1.367328,-0.284941,0.238700,0.344703,-0.155024,0.229801,0.571511,-0.048907,-0.108908,0.422788,0.978218,0.286428,-0.019062,-0.784193,-0.139011,0.778419,0.285458,-0.843879,-0.106625,-0.072418
3.273829,-1.046548,0.693106,0.108907,0.020501,-0.251608,0.961464,-0.689770,-0.089953,0.144989,1.022311,-0.359056,-0.016601,-0.183433,-0.188256,-0.276437,1.410116,-0.312661,0.204726,0.328331,-0.152334,0.220313,0.557860,-0.037446,-0.083633,0.342992,0.985664,0.289810,0.024252,-0.697419,-0.147830,0.822029,0.218748,-0.819182,-0.119163,-0.056767
3.271602,-1.061115,0.719291,0.099097,0.022422,-0.248685,0.963241,-0.592231,-0.074842,0.103211,0.851560,-0.284958,-0.039897,-0.261792,-0.253196,-0.271033,1.397995,-0.318771,0.165424,0.307678,-0.144798,0.210279,0.548982,-0.011633,-0.083220,0.280244,1.009558,0.284287,0.054910,-0.603118,-0.161675,0.861245,0.172968,-0.818113,-0.119105,-0.038928
3.269281,-1.076322,0.742067,0.086511,0.024431,-0.242439,0.965993,-0.496150,-0.045629,0.070251,0.683760,-0.218764,-0.053538,-0.313657,-0.309088,-0.272200,1.326327,-0.326606,0.124781,0.280713,-0.131913,0.198085,0.539114,0.037821,-0.104003,0.233709,1.054762,0.269457,0.049014,-0.498010,-0.177624,0.882269,0.150504,-0.827177,-0.107350,-0.017555
3.266143,-1.091896,0.764285,0.073310,0.025021,-0.229644,0.970187,-0.417165,0.011619,0.086735,0.567299,-0.203504,-0.023336,-0.338052,-0.357411,-0.283086,1.206735,-0.336203,0.080676,0.243983,-0.112584,0.184336,0.527392,0.101336,-0.136984,0.194365,1.096996,0.249388,0.013503,-0.385215,-0.201320,0.879518,0.144531,-0.849472,-0.083793,-0.006259
3.263244,-1.107010,0.777227,0.062194,0.023498,-0.211049,0.975212,-0.365215,0.086237,0.152456,0.544384,-0.210894,-0.015230,-0.343371,-0.398946,-0.292271,1.058647,-0.336625,0.046220,0.200173,-0.090590,0.172666,0.511062,0.171273,-0.180076,0.147215,1.103422,0.218586,-0.036160,-0.267867,-0.231080,0.850489,0.142685,-0.861598,-0.059546,-0.002740
3.260689,-1.121354,0.781819,0.052845,0.018946,-0.188654,0.980438,-0.344392,0.138308,0.175052,0.632642,-0.216605,-0.022850,-0.340439,-0.417128,-0.266192,0.899078,-0.331903,0.035567,0.157761,-0.070302,0.165660,0.484831,0.257820,-0.232338,0.089250,1.090042,0.183146,-0.090852,-0.148321,-0.265189,0.792114,0.137763,-0.871275,-0.030344,-0.002053
3.258349,-1.134800,0.777946,0.041470,0.013837,-0.164034,0.985486,-0.346083,0.163521,0.135903,0.776948,-0.232568,-0.032020,-0.329028,-0.393205,-0.180473,0.743091,-0.276841,0.067627,0.119834,-0.051263,0.162190,0.445129,0.345949,-0.273735,0.012894,1.045036,0.154155,-0.135120,-0.025901,-0.287946,0.703314,0.130296,-0.868341,-0.002448,-0.006680
3.256322,-1.146399,0.764299,0.028054,0.007181,-0.136771,0.990179,-0.347587,0.166653,0.070455,0.919146,-0.251566,-0.040048,-0.310804,-0.316881,-0.008409,0.700423,-0.301599,0.217119,0.087750,-0.031314,0.160629,0.398761,0.402309,-0.291733,-0.077131,0.989227,0.130881,-0.157064,0.092577,-0.287735,0.589026,0.124017,-0.848415,0.023238,-0.015899
3.253774,-1.154878,0.746208,0.016255,-0.000500,-0.116773,0.993025,-0.346712,0.179405,0.037385,1.052066,-0.278283,-0.086267,-0.307114,-0.290778,0.005712,0.772843,-0.411739,0.242425,0.072667,-0.012110,0.163575,0.339188,0.423510,-0.294336,-0.154773,0.941941,0.124642,-0.148548,0.214874,-0.283382,0.455327,0.121581,-0.821395,0.048257,-0.035876
